{"pontos":[],"retas":[],"circulos":[],"triangulos":[],"retangulos":[],"poligonos":[{"nome":"poligono1","pontos":[[0.2002924,0.97270954],[0.21637426,0.90448344],[0.19298245,0.86354774],[0.17397662,0.83235866],[0.16520467,0.8167641],[0.15350877,0.79922026],[0.13157895,0.748538],[0.12280702,0.71734893],[0.12426901,0.6666667],[0.13157895,0.61793375],[0.14327486,0.57309943],[0.15204678,0.54385966],[0.17397662,0.46588695],[0.17982456,0.4502924],[0.20614035,0.374269],[0.22076024,0.34502923],[0.23976608,0.30019492],[0.17690058,0.23781677],[0.14766082,0.20272905],[0.14181286,0.1871345],[0.12719299,0.15594542],[0.10964912,0.099415205],[0.09502924,0.058479533],[0.08479532,0.02534113],[0.07748538,0.0019493178],[0.18567252,0.0],[0.2002924,0.007797271],[0.20906433,0.021442495],[0.21783626,0.040935673],[0.22076024,0.0331384],[0.25730994,0.0662768],[0.2748538,0.09551657],[0.30701753,0.14230019],[0.32456142,0.16764133],[0.34795323,0.20662768],[0.37865496,0.25146198],[0.40643275,0.23781677],[0.44444445,0.2202729],[0.49415204,0.21832359],[0.5423977,0.2319688],[0.6038012,0.2631579],[0.67836255,0.29044834],[0.75438595,0.21442495],[0.8187134,0.15594542],[0.86549705,0.1208577],[0.9254386,0.091617934],[0.9590643,0.07992203],[0.9795322,0.07797271],[0.99415207,0.07602339],[0.9926901,0.11111111],[0.99415207,0.14230019],[0.99415207,0.17153996],[0.99415207,0.21442495],[0.99415207,0.24561404],[0.99561405,0.2748538],[0.9707602,0.30409357],[0.9371345,0.33918127],[0.90789473,0.35672516],[0.875731,0.3723197],[0.8494152,0.38206628],[0.82163745,0.3957115],[0.7967836,0.4054581],[0.7894737,0.42105263],[0.82894737,0.4853801],[0.8538012,0.5594542],[0.874269,0.6315789],[0.88596493,0.7348928],[0.8903509,0.83235866],[0.8961988,0.94736844],[0.9005848,0.9902534],[0.8888889,0.98440546]],"cor":[228,202,51],"esp":21},{"nome":"poligono2","pontos":[[0.29385966,0.44249514],[0.27631578,0.46978557],[0.27192983,0.49122807],[0.26900584,0.5185185],[0.27046785,0.54385966],[0.2880117,0.56530213],[0.30994153,0.57699805],[0.3260234,0.57894737],[0.34502923,0.57504874],[0.35672516,0.5536062],[0.36549708,0.53606236],[0.36549708,0.5126706],[0.3611111,0.48732942],[0.3362573,0.4502924],[0.32017544,0.44639376],[0.3026316,0.44834307],[0.29532164,0.45614034],[0.30409357,0.4853801]],"cor":[51,51,51],"esp":12},{"nome":"poligono3","pontos":[[0.61403507,0.47173488],[0.6125731,0.47173488],[0.5979532,0.49122807],[0.5877193,0.5165692],[0.58040935,0.54191035],[0.5774854,0.5633528],[0.58187133,0.5808967],[0.59502923,0.5945419],[0.62865496,0.5984405],[0.64181286,0.5984405],[0.6520468,0.5984405],[0.66374266,0.5984405],[0.6739766,0.5925926],[0.6812866,0.5808967],[0.68421054,0.5575049],[0.68421054,0.53996104],[0.6798246,0.5243665],[0.6739766,0.50877196],[0.65643275,0.4834308],[0.6535088,0.47953215],[0.6447368,0.47563353],[0.63450295,0.47173488],[0.63011694,0.47173488]],"cor":[51,51,51],"esp":12},{"nome":"poligono4","pontos":[[0.5833333,0.5224171],[0.6052632,0.57309943],[0.59356725,0.57309943],[0.59356725,0.57309943]],"cor":[51,51,51],"esp":12},{"nome":"poligono5","pontos":[[0.42251462,0.6569201],[0.44152048,0.64717346],[0.4619883,0.64717346],[0.4722222,0.64522415],[0.48391813,0.64522415],[0.501462,0.65497077],[0.51023394,0.6588694],[0.51754385,0.662768],[0.5219298,0.668616],[0.5233918,0.6744639],[0.5233918,0.6822612],[0.51754385,0.68810916],[0.50584793,0.69005847]],"cor":[51,51,51],"esp":12},{"nome":"poligono6","pontos":[[0.4269006,0.67641324],[0.48099416,0.68810916],[0.51023394,0.67641324],[0.50584793,0.6705653],[0.49122807,0.6588694],[0.49122807,0.6588694]],"cor":[51,51,51],"esp":12},{"nome":"poligono7","pontos":[[0.42105263,0.668616],[0.41812867,0.668616],[0.42251462,0.67836255],[0.49853802,0.6705653],[0.501462,0.6666667]],"cor":[51,51,51],"esp":12},{"nome":"poligono8","pontos":[[0.22807017,0.6744639],[0.19736843,0.67836255],[0.17982456,0.69590646],[0.16666667,0.72904485],[0.17105263,0.7582846],[0.19152047,0.7894737],[0.2119883,0.8011696],[0.2251462,0.8089669],[0.25,0.8167641],[0.2777778,0.8128655],[0.29239765,0.8089669],[0.30994153,0.79337233],[0.31871346,0.7719298],[0.32017544,0.7465887],[0.31871346,0.72319686],[0.30555555,0.7017544],[0.28362572,0.68810916],[0.26754385,0.6822612],[0.26608187,0.6822612]],"cor":[204,51,0],"esp":11},{"nome":"poligono9","pontos":[[0.71198833,0.7076023],[0.6988304,0.7076023],[0.6593567,0.75438595],[0.6520468,0.7816764],[0.6520468,0.8148148],[0.6593567,0.83430797],[0.69298244,0.8557505],[0.73245615,0.8674464],[0.7719298,0.87134504],[0.7982456,0.86549705],[0.8187134,0.84015596],[0.8201754,0.8148148],[0.81578946,0.7894737],[0.80409354,0.76413256],[0.7865497,0.7348928],[0.75877196,0.7134503],[0.7368421,0.711501],[0.7368421,0.711501]],"cor":[204,51,0],"esp":11},{"nome":"poligono10","pontos":[[0.4122807,0.76218325],[0.44444445,0.75633526],[0.48245615,0.75438595],[0.50877196,0.75633526],[0.53070176,0.76608187],[0.54385966,0.7836257],[0.55263156,0.79922026],[0.5555556,0.8128655],[0.5555556,0.83625734],[0.5555556,0.8538012],[0.5555556,0.8674464],[0.5511696,0.8810916],[0.5409357,0.8888889],[0.51608187,0.8927875],[0.4853801,0.8927875],[0.4722222,0.8908382],[0.4502924,0.8888889],[0.42251462,0.88304096],[0.4122807,0.87329435],[0.40643275,0.8596491],[0.39619884,0.83625734],[0.39327484,0.8206628],[0.3888889,0.8031189],[0.3874269,0.79727095],[0.3874269,0.7777778],[0.3874269,0.7777778]],"cor":[255,153,0],"esp":11},{"nome":"poligono11","pontos":[[0.3874269,0.76608187],[0.41081873,0.75438595],[0.42251462,0.75243664],[0.42251462,0.75243664]],"cor":[51,51,51],"esp":2},{"nome":"poligono12","pontos":[[0.3859649,0.76413256],[0.41666666,0.7504873],[0.4269006,0.7504873],[0.4371345,0.7465887],[0.46052632,0.7446394],[0.48245615,0.748538],[0.50584793,0.748538],[0.5146199,0.7504873],[0.53070176,0.75438595],[0.5394737,0.7582846],[0.54532164,0.7738792],[0.55409354,0.78752434],[0.55994153,0.79727095],[0.5628655,0.8089669],[0.5643275,0.84015596],[0.5628655,0.8499025],[0.5614035,0.86159843],[0.55994153,0.87524366],[0.5555556,0.8869396],[0.5497076,0.8947368],[0.5277778,0.9025341],[0.49853802,0.90448344],[0.4868421,0.90448344],[0.46929824,0.90448344],[0.44005847,0.9025341],[0.41812867,0.8947368],[0.4093567,0.8888889],[0.40204677,0.8810916],[0.39473686,0.8576998],[0.39327484,0.8460039],[0.39035088,0.8167641],[0.3859649,0.79337233],[0.38304093,0.7836257],[0.38304093,0.7738792],[0.38304093,0.7680312],[0.38304093,0.76608187],[0.38304093,0.76608187]],"cor":[51,51,51],"esp":4},{"nome":"poligono13","pontos":[[0.39035088,0.83625734],[0.38304093,0.791423],[0.37865496,0.78752434]],"cor":[51,51,51],"esp":4},{"nome":"poligono14","pontos":[[0.28216374,0.47563353],[0.34502923,0.47563353],[0.30994153,0.4502924]],"cor":[51,51,51],"esp":12},{"nome":"poligono15","pontos":[[0.34649122,0.54191035],[0.34356725,0.4814815],[0.35526314,0.53801167]],"cor":[51,51,51],"esp":12},{"nome":"poligono16","pontos":[[0.34210527,0.5614035],[0.28654972,0.54191035],[0.27923977,0.5185185]],"cor":[51,51,51],"esp":12},{"nome":"poligono17","pontos":[[0.28216374,0.49122807],[0.33333334,0.49317738],[0.33333334,0.54191035],[0.30994153,0.5204678],[0.28070176,0.5048733],[0.28070176,0.5048733]],"cor":[51,51,51],"esp":12},{"nome":"poligono18","pontos":[[0.31578946,0.5048733],[0.31432748,0.5711501],[0.3026316,0.49707603]],"cor":[51,51,51],"esp":12},{"nome":"poligono19","pontos":[[0.3230994,0.5711501],[0.31871346,0.53801167],[0.3494152,0.5126706]],"cor":[51,51,51],"esp":12},{"nome":"poligono20","pontos":[[0.5979532,0.51072127],[0.6520468,0.49902534],[0.624269,0.47953215]],"cor":[51,51,51],"esp":19},{"nome":"poligono21","pontos":[[0.59502923,0.53216374],[0.66812867,0.545809],[0.6652047,0.5048733]],"cor":[51,51,51],"esp":19},{"nome":"poligono22","pontos":[[0.6038012,0.5536062],[0.67105263,0.57504874],[0.62865496,0.5906433]],"cor":[51,51,51],"esp":19},{"nome":"poligono23","pontos":[[0.27192983,0.5243665],[0.35380116,0.53411305],[0.35526314,0.50292397]],"cor":[51,51,51],"esp":17},{"nome":"poligono24","pontos":[[0.33479533,0.46588695],[0.30409357,0.4619883],[0.2997076,0.5146199]],